item,link,title,image,category,price,available,brand
221,http://www.lifestylelabels.com/green-earrings.html,green earrings,http://www.lifestylelabels.com/media/catalog/product/f/r/frame-_0007_istock_000014879331xsmall.jpg,Accessories,49,true,
220,http://www.lifestylelabels.com/gold-bracelet.html,gold bracelet,http://www.lifestylelabels.com/media/catalog/product/f/r/frame-_0006_istock_000008891606xsmall.jpg,Accessories,125,true,
219,http://www.lifestylelabels.com/ring-with-sapphires.html,ring with sapphires,http://www.lifestylelabels.com/media/catalog/product/f/r/frame-_0001_istock_000001515748xsmall.jpg,Accessories,45,true,
218,http://www.lifestylelabels.com/charm-bracelet.html,charm bracelet,http://www.lifestylelabels.com/media/catalog/product/f/r/frame-_0003_istock_000004720358xsmall.jpg,Accessories,35,true,
217,http://www.lifestylelabels.com/turquoise-silver-bracelet.html,turquoise silver bracelet,http://www.lifestylelabels.com/media/catalog/product/f/r/frame-_0005_istock_000005755933xsmall.jpg,Accessories,99,true,
216,http://www.lifestylelabels.com/green-white-necklace.html,green-white necklace,http://www.lifestylelabels.com/media/catalog/product/f/r/frame-_0004_istock_000004736634xsmall.jpg,Accessories,59,true,
215,http://www.lifestylelabels.com/red-brooch.html,red brooch,http://www.lifestylelabels.com/media/catalog/product/f/r/frame-_0002_istock_000002325256xsmall.jpg,Accessories,49,true,
214,http://www.lifestylelabels.com/beaded-necklace.html,beaded necklace ,http://www.lifestylelabels.com/media/catalog/product/f/r/frame-_0000_istock_000001023845xsmall.jpg,Accessories,35,true,
213,http://www.lifestylelabels.com/pink-bowler-hat.html,pink bowler hat,http://www.lifestylelabels.com/media/catalog/product/i/s/istock_000014544873xsmall_f_1.jpg,Everything MUST go!,99,true,
212,http://www.lifestylelabels.com/fancy-pink-hat.html,fancy pink hat,http://www.lifestylelabels.com/media/catalog/product/i/s/istock_000014544873xsmall_e_1.jpg,Everything MUST go!,175,true,
211,http://www.lifestylelabels.com/yellow-jacket.html,yellow jacket,http://www.lifestylelabels.com/media/catalog/product/f/r/frame-_0014_istock_000012457620xsmall.jpg.jpg,Jackets,375,true,
210,http://www.lifestylelabels.com/brown-leather-jacket.html,brown leather jacket,http://www.lifestylelabels.com/media/catalog/product/f/r/frame-_0020_istock_000023208925xsmall.jpg.jpg,Jackets,399,true,
209,http://www.lifestylelabels.com/pink-jacket.html,pink jacket,http://www.lifestylelabels.com/media/catalog/product/f/r/frame-_0011_istock_000010408152xsmall.jpg.jpg,Jackets,349,true,
208,http://www.lifestylelabels.com/fancy-leather-jacket.html,fancy leather jacket,http://www.lifestylelabels.com/media/catalog/product/f/r/frame-_0015_istock_000014077533xsmall.jpg.jpg,Jackets,275,true,
207,http://www.lifestylelabels.com/brown-winter-jacket.html,brown winter jacket,http://www.lifestylelabels.com/media/catalog/product/f/r/frame-_0010_istock_000008616521xsmall.jpg.jpg,Jackets,199,true,
205,http://www.lifestylelabels.com/grey-wool-jacket.html,grey wool jacket,http://www.lifestylelabels.com/media/catalog/product/f/r/frame-_0005_istock_000004331670xsmall.jpg.jpg,Jackets,249,true,
204,http://www.lifestylelabels.com/stylish-leather-jacket.html,stylish leather jacket,http://www.lifestylelabels.com/media/catalog/product/f/r/frame-_0009_istock_000007272497xsmall.jpg.jpg,Jackets,349,true,
203,http://www.lifestylelabels.com/colourful-hat.html,colourful hat,http://www.lifestylelabels.com/media/catalog/product/f/r/frame-_0016_istock_000014267100xsmall.jpg.jpg,Hats,49,true,
202,http://www.lifestylelabels.com/violet-cloche-hat.html,violet cloche hat,http://www.lifestylelabels.com/media/catalog/product/f/r/frame-_0019_istock_000019194843xsmall.jpg.jpg,Hats,199,true,
201,http://www.lifestylelabels.com/red-purple-hat.html,red & purple hat,http://www.lifestylelabels.com/media/catalog/product/f/r/frame-_0003_istock_000003509059xsmall.jpg.jpg,Hats,175,true,
200,http://www.lifestylelabels.com/blue-hat.html,blue hat,http://www.lifestylelabels.com/media/catalog/product/f/r/frame-_0001_istock_000001825484xsmall.jpg.jpg,Hats,175,true,
199,http://www.lifestylelabels.com/red-hat.html,red hat,http://www.lifestylelabels.com/media/catalog/product/f/r/frame-_0012_istock_000011032181xsmall.jpg.jpg,Hats,99,true,
198,http://www.lifestylelabels.com/black-boots.html,black boots,http://www.lifestylelabels.com/media/catalog/product/f/r/frame-_0006_istock_000004378847xsmall.jpg.jpg,Shoes,349,true,
197,http://www.lifestylelabels.com/pink-slippers.html,pink slippers,http://www.lifestylelabels.com/media/catalog/product/f/r/frame-_0007_istock_000005024990xsmall.jpg,Shoes,199,false,
196,http://www.lifestylelabels.com/gold-sandals.html,gold sandals,http://www.lifestylelabels.com/media/catalog/product/f/r/frame-_0013_istock_000011773734xsmall.jpg.jpg,Shoes,249,true,
195,http://www.lifestylelabels.com/pink-canvas-shoes.html,pink canvas shoes,http://www.lifestylelabels.com/media/catalog/product/f/r/frame-_0008_istock_000007123759xsmall.jpg.jpg,Shoes,175,true,
194,http://www.lifestylelabels.com/gold-high-heels.html,gold high heels,http://www.lifestylelabels.com/media/catalog/product/f/r/frame-_0002_istock_000003409512xsmall.jpg.jpg,Shoes,299,false,
193,http://www.lifestylelabels.com/brown-fur-hat.html,brown fur hat,http://www.lifestylelabels.com/media/catalog/product/f/r/frame-_0022_istock_000025885350xsmall.jpg,Hats,125,true,
192,http://www.lifestylelabels.com/purple-winter-jacket.html,purple winter jacket,http://www.lifestylelabels.com/media/catalog/product/f/r/frame-_0018_istock_000018316188xsmall.jpg.jpg,Jackets,299,true,
191,http://www.lifestylelabels.com/felt-bowler-hat.html,felt bowler hat,http://www.lifestylelabels.com/media/catalog/product/f/r/frame-_0021_istock_000024474831xsmall.jpg.jpg,Hats,149,true,
190,http://www.lifestylelabels.com/straw-hat.html,straw hat,http://www.lifestylelabels.com/media/catalog/product/f/r/frame-_0017_istock_000015342078xsmall.jpg.jpg,Hats,49,true,
189,http://www.lifestylelabels.com/lilac-hat.html,lilac hat,http://www.lifestylelabels.com/media/catalog/product/f/r/frame-_0000_istock_000001656183xsmall.jpg.jpg,Hats,75,true,
188,http://www.lifestylelabels.com/pink-blouse.html,pink blouse,http://www.lifestylelabels.com/media/catalog/product/i/s/istock_000014544873xsmall_d_1.jpg,Everything MUST go!,105,true,
187,http://www.lifestylelabels.com/big-blue-handbag.html,big blue handbag,http://www.lifestylelabels.com/media/catalog/product/i/s/istock_000014544873xsmall_c_1.jpg,Everything MUST go!,55,true,
186,http://www.lifestylelabels.com/turquoise-dress.html,turquoise dress,http://www.lifestylelabels.com/media/catalog/product/i/s/istock_000014544873xsmall_b_1.jpg,Everything MUST go!,150,true,
185,http://www.lifestylelabels.com/tiger-handbag.html,tiger handbag,http://www.lifestylelabels.com/media/catalog/product/i/s/istock_000014544873xsmall_1.jpg,Everything MUST go!,125,true,
184,http://www.lifestylelabels.com/red-black-skirt.html,red & black skirt ,http://www.lifestylelabels.com/media/catalog/product/i/s/istock_000011031715xsmall_1.jpg,Everything MUST go!,225,true,
183,http://www.lifestylelabels.com/black-white-dress.html,black & white dress,http://www.lifestylelabels.com/media/catalog/product/i/s/istock_000006717629xsmall_1.jpg,Everything MUST go!,100,true,
182,http://www.lifestylelabels.com/black-dress.html,black dress,http://www.lifestylelabels.com/media/catalog/product/i/s/istock_000016511677xsmall.jpg,Dresses,175,true,
181,http://www.lifestylelabels.com/violet-dress.html,violet dress,http://www.lifestylelabels.com/media/catalog/product/i/s/istock_000013489398xsmall.jpg,Dresses,175,true,
180,http://www.lifestylelabels.com/pink-dress.html,pink dress,http://www.lifestylelabels.com/media/catalog/product/i/s/istock_000012823437xsmall.jpg,Dresses,175,true,
179,http://www.lifestylelabels.com/magento-dress.html,magento dress,http://www.lifestylelabels.com/media/catalog/product/i/s/istock_000012168757xsmall.jpg,Dresses,175,true,
178,http://www.lifestylelabels.com/black-dress-with-white-spots.html,black dress with white spots,http://www.lifestylelabels.com/media/catalog/product/i/s/istock_000010484432xsmall.jpg,Dresses,175,true,
177,http://www.lifestylelabels.com/red-dress.html,red dress,http://www.lifestylelabels.com/media/catalog/product/i/s/istock_000006717307xsmall.jpg,Dresses,175,true,
176,http://www.lifestylelabels.com/purple-dress.html,purple dress,http://www.lifestylelabels.com/media/catalog/product/i/s/istock_000003892823xsmall.jpg,Dresses,175,true,
175,http://www.lifestylelabels.com/orange-dress.html,orange dress,http://www.lifestylelabels.com/media/catalog/product/i/s/istock_000003323438xsmall.jpg,Dresses,175,true,
174,http://www.lifestylelabels.com/light-blue-bag.html,light-blue bag,http://www.lifestylelabels.com/media/catalog/product/i/s/istock_000017156388xsmall.jpg,Handbags,80,true,
173,http://www.lifestylelabels.com/red-bag.html,red bag,http://www.lifestylelabels.com/media/catalog/product/i/s/istock_000016435472xsmall.jpg,Handbags,80,true,
172,http://www.lifestylelabels.com/black-bag.html,black bag,http://www.lifestylelabels.com/media/catalog/product/i/s/istock_000014563561xsmall.jpg,Handbags,80,true,
171,http://www.lifestylelabels.com/pink-bag.html,pink bag,http://www.lifestylelabels.com/media/catalog/product/i/s/istock_000013936568xsmall.jpg,Handbags,80,true,
170,http://www.lifestylelabels.com/deep-blue-bag.html,deep-blue bag,http://www.lifestylelabels.com/media/catalog/product/i/s/istock_000013830440xsmall.jpg,Handbags,80,true,
169,http://www.lifestylelabels.com/blue-bag.html,blue bag,http://www.lifestylelabels.com/media/catalog/product/i/s/istock_000013600922xsmall.jpg,Handbags,80,true,
168,http://www.lifestylelabels.com/brown-bag.html,brown bag,http://www.lifestylelabels.com/media/catalog/product/i/s/istock_000011609743xsmall.jpg,Handbags,80,true,
167,http://www.lifestylelabels.com/purple-bag.html,Purple Bag,http://www.lifestylelabels.com/media/catalog/product/i/s/istock_000009022722xsmall.jpg,Handbags,80,true,
112,http://www.lifestylelabels.com/womens-golf-shoes.html,womens golf shoes,http://www.lifestylelabels.com/media/catalog/product/e/c/ecco-womens-golf-flexor-golf-shoe.jpg,Shoes,159,true,Ecco
108,http://www.lifestylelabels.com/nine-west-women-s-lucero-pump.html,glittering red pump,http://www.lifestylelabels.com/media/catalog/product/n/i/nine-west-women-s-lucero-pump.jpg,Shoes,289.99,true,Nine West
103,http://www.lifestylelabels.com/steven-by-steve-madden-pryme-pump.html,elegant red pump,http://www.lifestylelabels.com/media/catalog/product/s/t/steven-by-steve-madden-pryme-pump.jpg,Shoes,299,true,Steve Madden